"v","pipeline","nMax","survivingDigits","baseCoord","peakX","baselineCurrent","Delta_Baseline","peakY","troughVal","FWHM","curvature","Invariant_Q","CosineMean","Cos99"
220,"g0",2000,184,2.1794088308290174199e60,2.1794088308290174199e60,0.96609797305481790665,0.0046690736491597647532,0.9678472795417998,0.96094923062198567935,0.0009720991150337947,-31747.63832151134,0.14530038635337506,0.45878214832535712164,1
240,"g0",2000,178,1.9502106225571139198e66,1.9502106225571139198e66,0.99403717060737046658,0.0041181066578049906505,0.9991107329137764,0.95661982799699349473,0.0033697138484467277,-16056.198737201325,0.5032510054038251,0.40754493378302167959,1
260,"y0",2000,171,2.6127927896501898913e73,2.6127927896501898913e73,0.51150095754968999718,-0.012366624704786722978,0.6894261035413365,0.59090798102311835416,0.004309934234697277,-32192.561111037543,0.5296885886168217,-0.087451418256841033583,3
280,"g0",2000,167,5.3401290757798246254e77,5.3401290757798246254e77,1.0041939574760752398,-0.0030855378698550888303,1.0051173983181338,0.99884762810535447969,0.0019062516875752557,-7922.778561379766,0.22248562526238605,0.60934675676861195973,4
300,"y0",2000,159,4.8522027967075431364e85,4.8522027967075431364e85,0.58015916514795370411,-0.0075492685238681974233,0.6614233368527493,0.65515097475690764927,0.0010425598028653837,-24745.502747811253,0.16396481209658936,-0.26752921301652832697,3
320,"g0",2000,155,1.9596405166827013894e89,1.9596405166827013894e89,1.0779142816694799197,-0.0084725739881479234872,1.0818528960517748,1.0818080812536946125,0,-60591.27676358568,0.47886961177460075,0.87005589336044078587,2
340,"y0",2000,147,2.43023530462065739e97,2.43023530462065739e97,0.57513531623818817527,0.0039027142869451047445,0.689921571771265,0.65054576525171144999,0.0019671955344437997,-54474.39513571028,0.18331388123115525,-0.32444823074748640741,3
340,"g0",2000,149,5.4656145535155508958e95,5.4656145535155508958e95,1.0735707688246793575,-0.0043928127047924260192,1.082081733472345,1.0820550633634511254,0,-30686.40456932549,0.489021145797985,0.88600782229158909089,2
360,"y0",2000,142,1.1379309329848881238e103,1.1379309329848881238e103,0.60712950560438820568,0.00085366824975675086614,0.7002266536146635,0.61019248191770322155,0.003477995585304372,-79288.15658613273,0.18926981081717156,-0.38185523203208048327,5
360,"g0",2000,143,6.2217616942651495304e101,6.2217616942651495304e101,1.0493701958882452212,-0.012562700913954974243,1.0525898069475683,1.0349419745054768841,0.0012870394600100225,-49020.64939390794,0.18861305846526838,0.86717021844206466203,2
380,"y0",2000,136,9.7097219046830251564e108,9.7097219046830251564e108,0.63849325158124491268,0.0072594724780208242329,0.7438749884604476,0.65580502516865954386,0.006385922417276424,-42110.43254531909,0.36837565444834947,-0.31974126611630449187,1
400,"y0",2000,129,2.5131879099337254117e115,2.5131879099337254117e115,0.58418869013656654612,-0.0071171281242050306292,0.6944851482621743,0.65025091166379649466,0.002926448618752353,-20621.76502700781,0.43844669242863643,-0.35310160508280322248,4
440,"y0",2000,118,9.1048462185713087333e126,9.1048462185713087333e126,0.5739252849307605078,0.00018846601097995977903,0.7465869816078339,0.68488255960356439594,0.002932565867183934,-31599.41600592824,0.1536506315066829,-0.29199900015051929072,2
460,"y0",2000,112,3.2269032487604448138e132,3.2269032487604448138e132,0.57408147130511965587,0.0023151287373670807211,0.6918513616401469,0.66665345205168124461,0.003081490339974291,-21531.553652492894,0.37588884130089284,-0.33781933332584910681,2
480,"g0",2000,107,3.8216647451258340014e137,3.8216647451258340014e137,1.0394437617472387153,-0.0011614679346930058176,1.0752418628545148,1.0751772523594782293,0,-72628.96868398803,0.484296389858878,0.99502084165786222514,17
500,"g0",2000,102,7.08030481146474976e142,7.08030481146474976e142,1.094812358253867295,0.010368953568505699239,1.1098125916952728,1.1097744412686745119,0,-60829.91344511088,0.4808536607711954,0.99756953269020118293,19
520,"g0",2000,96,1.1392690426332763335e149,1.1392690426332763335e149,1.0374534393875905457,0.0049234492003122572481,1.0507539809961626,1.0507357441852834693,0,-42130.51035437331,0.4718526387240699,0.99705651646316321036,19
580,"g0",2000,78,8.3694971046527653545e166,8.3694971046527653545e166,1.0696503379967175098,-0.012874092259758471702,1.0706738214305944,1.0706737372934091539,0,-21150.087892399755,7.947111984983464,0.9989277557376977393,20
600,"y0",2000,71,1.0624841350649018815e174,1.0624841350649018815e174,0.61307165441572661968,0.0063089411582376583786,0.7101751913287444,0.7003296678305815039,0.0010419813726394445,-39578.75323786082,0.16278353735262485,-0.33398802409428041061,4
620,"g0",2000,66,6.9257977473424946435e178,6.9257977473424946435e178,1.074448591183080244,-0.0012923865271410791835,1.084352653598024,1.0641879380609218568,0.0016825157595285474,-30788.230231599548,0.19468301578751654,0.99960625256591483218,20
640,"y0",2000,59,7.4815040259844364057e185,7.4815040259844364057e185,0.59120222449117020752,0.0027011311378445887716,0.7301114198780851,0.68931251656795067765,0.001843036759537009,-58280.59413076749,0.2158124072601012,-0.33830143977016109885,5
640,"g0",2000,60,8.3566206024602586978e184,8.3566206024602586978e184,1.0733675268014391736,-0.013947459850831071754,1.0824028711532572,1.082385350481814948,0,-38579.52882248774,0.47677842940043724,0.9998692625538979805,20
660,"y0",2000,52,2.6612947740246524226e192,2.6612947740246524226e192,0.56172685986183274316,0.0086523869300695609605,0.694897484521789,0.66627697565854967584,0.0019829651468401543,-30893.861934912784,0.2241729259816577,-0.33802460596796842418,5
660,"g0",2000,54,2.5593227540291390575e190,2.5593227540291390575e190,1.0742574574835070496,-0.011810090367158264439,1.0866888572263445,1.0866674553952905808,0,-42692.72743285745,0.4682554077231534,0.99992213475977056095,20
700,"y0",2000,41,1.0585287168830704808e204,1.0585287168830704808e204,0.60669569493125123283,0.0089530020822536444819,0.7444304883320001,0.72275798325648915362,0.0019403320671371738,-30794.118545260677,0.24837524172398842,-0.3361814498400128305,4
700,"g0",2000,43,7.7495870864324806629e201,7.7495870864324806629e201,1.0580292881359124881,0.0075592068952515449366,1.0723608231862107,1.0326741637434822574,0.0026789837018516786,-40757.575040832526,0.2541014163044942,0.99994510580516443054,20
720,"g0",2000,36,7.5693218221143803179e208,7.5693218221143803179e208,1.0395837373662881811,-0.00013834770924657723812,1.0807203421896534,1.0806860550610207639,0,-51278.60042439265,0.4817748605641993,0.99994630102531313302,20
740,"g0",2000,30,9.8033087435942773282e214,9.8033087435942773282e214,1.0464362399360755552,0.0061636077052644404027,1.1038799369685164,1.0371603916006858446,0.0019010210775420886,-91230.65649301762,0.18892133783007972,0.99996974384087526115,20
760,"g0",2000,25,7.1108363637387568439e219,7.1108363637387568439e219,1.091265403123044973,0.0043595433178174003257,1.0916296093242177,1.0916244328988417885,0,-23073.450054878384,0.500277731858883,0.99994988938257203985,20
220,"g0",5000,184,2.1794088308290174199e60,2.1794088308290174199e60,0.96031267782703175571,-0.0011162215786263861839,0.9714569932638292,0.95711937208298798604,0.0006477346922152173,-154410.62382734448,0.22848655418452296,0.45878214832535712164,1
240,"g0",5000,178,1.9502106225571139198e66,1.9502106225571139198e66,0.9909671114758345949,0.001048047526269118963,0.9996167166920935,0.99630599767711795228,0.000395171347470886,-98640.60728326094,0.1636430822849318,0.40754493378302167959,1
260,"y0",5000,171,2.6127927896501898913e73,2.6127927896501898913e73,0.5140745720779289727,-0.0097930101765477474513,0.6915627363487147,0.68487535013409768214,0.0005389377915807625,-96280.68431030803,0.17905886714012456,-0.087451418256841033583,3
280,"g0",5000,167,5.3401290757798246254e77,5.3401290757798246254e77,1.0079155119943979283,0.00063601664846759969015,1.017117955707091,0.99403251388054733,0.0008046173051212433,-168841.67451627456,0.1913980743175653,0.60934675676861195973,4
300,"y0",5000,159,4.8522027967075431364e85,4.8522027967075431364e85,0.57898020036960040382,-0.00872823330222149771,0.6678829967859201,0.64411563010432820323,0.0009661984715472194,-116698.39359904795,0.2910075125596861,-0.26752921301652832697,3
320,"g0",5000,155,1.9596405166827013894e89,1.9596405166827013894e89,1.0896749477396553044,0.0032880920820274611269,1.097658117380513,1.0537734092604696973,0.0008626595524543563,-287551.5037453045,0.11258891370164097,0.87005589336044078587,2
340,"y0",5000,147,2.43023530462065739e97,2.43023530462065739e97,0.56822055446166842352,-0.0030120474895746470071,0.6976923125330359,0.64482238176658050968,0.0014981049794304813,-186183.49678941333,0.07475635435043633,-0.32444823074748640741,3
340,"g0",5000,149,5.4656145535155508958e95,5.4656145535155508958e95,1.0814198717838090163,0.003456290254337232712,1.0864509726172074,1.071983677168505046,0.0006547439358044585,-145157.542682608,0.19245698885990922,0.88600782229158909089,2
360,"y0",5000,142,1.1379309329848881238e103,1.1379309329848881238e103,0.60347128719987255718,-0.0028045501547588976337,0.708109382801922,0.6565457698755255989,0.0014024198842206292,-160028.88231989075,0.12866310866576805,-0.38185523203208048327,5
360,"g0",5000,143,6.2217616942651495304e101,6.2217616942651495304e101,1.0631666867488695502,0.0012337899466693547331,1.0634165381488598,1.0206837461141007408,0.0011773267730430814,-198086.67701921298,0.2377026844445021,0.86717021844206466203,2
380,"y0",5000,136,9.7097219046830251564e108,9.7097219046830251564e108,0.63823791263781747841,0.0070041335345933899669,0.7468643759493716,0.70346720534330786901,0.002020209048112731,-79155.55516209839,0.09088260559111963,-0.31974126611630449187,1
400,"y0",5000,129,2.5131879099337254117e115,2.5131879099337254117e115,0.58931335737560999626,-0.0019924608851615804897,0.7061001335969195,0.68182174874178102651,0.0006573922583466008,-256007.833782858,0.16286355534559782,-0.35310160508280322248,4
440,"y0",5000,118,9.1048462185713087333e126,9.1048462185713087333e126,0.57615965305522888771,0.0024228341354483396871,0.7584808664396405,0.72918721263331795216,0.0008115695360146891,-208118.47867070194,0.14705374395080517,-0.29199900015051929072,2
460,"y0",5000,112,3.2269032487604448138e132,3.2269032487604448138e132,0.57316698636891680398,0.001400643801164228828,0.6998269687173888,0.68297731046746447767,0.0008491455670747161,-111350.79386868226,0.18116592142652774,-0.33781933332584910681,2
480,"g0",5000,107,3.8216647451258340014e137,3.8216647451258340014e137,1.036848393220711679,-0.0037568364612200421123,1.0872745236750379,1.0338371981378314618,0.0011557354693174568,-206475.0262473618,0.16044952844139235,0.99502084165786222514,17
500,"g0",5000,102,7.08030481146474976e142,7.08030481146474976e142,1.0859583159598747259,0.0015149112745131300522,1.1108413025283428,1.0853891504438762671,0.0015039762723945815,-120208.94309690851,0.3524887379860445,0.99756953269020118293,19
520,"g0",5000,96,1.1392690426332763335e149,1.1392690426332763335e149,1.0356919866882731061,0.0031619965009948177389,1.0554390397268543,1.0356579543559924272,0.0008431646568473729,-132159.24517858148,0.2670295502915461,0.99705651646316321036,19
580,"g0",5000,78,8.3694971046527653545e166,8.3694971046527653545e166,1.0782496866291758687,-0.0042747436273001127642,1.0818407710196825,1.0537330123487732747,0.001007679450506837,-126703.43118140394,0.19664446052628765,0.9989277557376977393,20
600,"y0",5000,71,1.0624841350649018815e174,1.0624841350649018815e174,0.61047272939822929546,0.0037100161407403341559,0.7186639684077818,0.6768478681763954182,0.0014998229941354246,-135782.04222124157,0.2781099972104473,-0.33398802409428041061,4
620,"g0",5000,66,6.9257977473424946435e178,6.9257977473424946435e178,1.0780004124270434543,0.0022594347168221310689,1.0909354588640696,1.074498351011002209,0.0006037755861741453,-204654.89180163018,0.18275845222778322,0.99960625256591483218,20
640,"y0",5000,59,7.4815040259844364057e185,7.4815040259844364057e185,0.59141687948107302471,0.0029157861277474059712,0.7364232207473833,0.70259569474701147459,0.0010134995456454465,-157697.48808864682,0.19384884856033044,-0.33830143977016109885,5
640,"g0",5000,60,8.3566206024602586978e184,8.3566206024602586978e184,1.0832754134893628211,-0.0040395731629074242607,1.0848299651093494,1.0708450641522805363,0.0006719793675779527,-151994.7673272193,0.12638645799251522,0.9998692625538979805,20
660,"y0",5000,52,2.6612947740246524226e192,2.6612947740246524226e192,0.56432649634427506747,0.011252023412511885264,0.6927610654383898,0.68819246377347151509,0.0004825720636907338,-82561.5014478174,0.21904697204097842,-0.33802460596796842418,5
660,"g0",5000,54,2.5593227540291390575e190,2.5593227540291390575e190,1.0814215430857535251,-0.0046460047649117888945,1.090499793181011,1.0784980138159616671,0.0005176942385684215,-177486.78117186142,0.2339727386557814,0.99992213475977056095,20
700,"y0",5000,41,1.0585287168830704808e204,1.0585287168830704808e204,0.60530232279754658826,0.0075596299485489999125,0.7537384158931673,0.73860169430927996368,0.000560896467654004,-209750.13499987722,0.1473917480354647,-0.3361814498400128305,4
700,"g0",5000,43,7.7495870864324806629e201,7.7495870864324806629e201,1.0507098276446111266,0.00023974640395018340189,1.085767756910513,1.0428652747019855397,0.0010070443268662835,-216827.0138534135,0.2411542102808034,0.99994510580516443054,20
720,"g0",5000,36,7.5693218221143803179e208,7.5693218221143803179e208,1.038376336187887155,-0.0013457488876476034062,1.0811885505418641,1.0366050204030170976,0.0024025007374908584,-60995.94444309661,0.1913425233439575,0.99994630102531313302,20
740,"g0",5000,30,9.8033087435942773282e214,9.8033087435942773282e214,1.0425251520987495756,0.0022525198679384608435,1.1100643921951063,1.0831308185042787609,0.0006969962751993681,-257174.04414036995,0.14181132768406018,0.99996974384087526115,20
760,"g0",5000,25,7.1108363637387568439e219,7.1108363637387568439e219,1.0852789622667907742,-0.0016268975384367985321,1.0944225758387818,1.0820556339837822285,0.000533137662792808,-172606.5745946283,0.17641358553225747,0.99994988938257203985,20
220,"g0",10000,184,2.1794088308290174199e60,2.1794088308290174199e60,0.96528473800406561413,0.0038558385984074722356,0.9772667248657898,0.95069402719448481365,0.00038705636031031656,-677209.5840661782,0.21082625638469527,0.45878214832535712164,1
240,"g0",10000,178,1.9502106225571139198e66,1.9502106225571139198e66,0.99088243569329318337,0.00096337174372770743156,1.0022987895319633,0.99321292765726840437,0.00044847762514243,-196357.79257278598,0.26891959453449,0.40754493378302167959,1
260,"y0",10000,171,2.6127927896501898913e73,2.6127927896501898913e73,0.52021975379805170614,-0.00364782845642501401,0.6946191187016666,0.67262530612208009415,0.0007703802998320075,-279413.12386542116,0.2643267508301068,-0.087451418256841033583,3
280,"g0",10000,167,5.3401290757798246254e77,5.3401290757798246254e77,1.0064712038223814092,-0.00080829152354891944092,1.0199579223131285,0.99429854692177253359,0.0006843890257694082,-252595.9489951687,0.18292538866666105,0.60934675676861195973,4
300,"y0",10000,159,4.8522027967075431364e85,4.8522027967075431364e85,0.5816233072625746798,-0.0060851264092472217366,0.6708945962018333,0.65227654388628379695,0.0005219064856749611,-297647.77640467166,0.26429511371275577,-0.26752921301652832697,3
320,"g0",10000,155,1.9596405166827013894e89,1.9596405166827013894e89,1.0867499549199271951,0.00036309926229935183786,1.0999848592851484,1.0543616169962928324,0.000787694469161852,-426791.6014295092,0.10188775826021385,0.87005589336044078587,2
340,"y0",10000,147,2.43023530462065739e97,2.43023530462065739e97,0.56835196145456585429,-0.0028806404966772162404,0.7058213393902406,0.67847766542492940916,0.00045257450261404486,-532553.1546896234,0.18047980875539993,-0.32444823074748640741,3
340,"g0",10000,149,5.4656145535155508958e95,5.4656145535155508958e95,1.0797718964458121881,0.0018083149163404044992,1.0863456452977411,1.0745556818448112721,0.0005655151006458403,-168725.77958903392,0.2344342765754629,0.88600782229158909089,2
360,"y0",10000,142,1.1379309329848881238e103,1.1379309329848881238e103,0.60583628441785199454,-0.00043955293677946027226,0.7074043829343282,0.65886353643758668846,0.00144909838319629,-180785.56419002547,0.12102139761649823,-0.38185523203208048327,5
360,"g0",10000,143,6.2217616942651495304e101,6.2217616942651495304e101,1.0646324268401857119,0.0026995300379855164177,1.0653969643108894,1.0375606817432810794,0.0007417911585848634,-211552.49997478133,0.25356247673281324,0.86717021844206466203,2
380,"y0",10000,136,9.7097219046830251564e108,9.7097219046830251564e108,0.63372744957362533919,0.0024936704704012507463,0.7487423457787372,0.73760464078929508862,0.000588090093457394,-144306.0642940007,0.1471758963562762,-0.31974126611630449187,1
400,"y0",10000,129,2.5131879099337254117e115,2.5131879099337254117e115,0.58785310186243019911,-0.0034527163983413776374,0.708396426984109,0.67267580923846869525,0.000773904539314918,-357982.985707129,0.2918029926169838,-0.35310160508280322248,4
440,"y0",10000,118,9.1048462185713087333e126,9.1048462185713087333e126,0.57553451938947575409,0.0017977004696952060666,0.7571762034203857,0.72870935602050688031,0.000905660392292118,-237545.19446454602,0.212580408401558,-0.29199900015051929072,2
460,"y0",10000,112,3.2269032487604448138e132,3.2269032487604448138e132,0.57400097950520793426,0.0022346369374553591103,0.6998639046796598,0.68818182907621206234,0.0005604643421854849,-186513.64119925126,0.2089679945102898,-0.33781933332584910681,2
480,"g0",10000,107,3.8216647451258340014e137,3.8216647451258340014e137,1.0377546780085625981,-0.0028505516733691230344,1.0846851434516125,1.0836160507059776208,0,-176017.71953257264,0.36052661885410525,0.99502084165786222514,17
500,"g0",10000,102,7.08030481146474976e142,7.08030481146474976e142,1.0865100349957879681,0.0020666303104263723422,1.112425444083004,1.1012795007446804228,0.0005103467260289588,-181986.08307359897,0.2450750585197266,0.99756953269020118293,19
520,"g0",10000,96,1.1392690426332763335e149,1.1392690426332763335e149,1.0310575322323577107,-0.0014724579549205776691,1.056057345311293,1.0457219149607986568,0.00032975169248990535,-361574.55985856097,0.18260001572455023,0.99705651646316321036,19
580,"g0",10000,78,8.3694971046527653545e166,8.3694971046527653545e166,1.0805837882285466707,-0.0019406420279293107894,1.0805885965970925,1.0759570325561191929,0.0002778952400264226,-236086.91159178238,0.2666747450655064,0.9989277557376977393,20
600,"y0",10000,71,1.0624841350649018815e174,1.0624841350649018815e174,0.60547935796047974539,-0.0012833552970092159166,0.7234719643602148,0.70493571126634124762,0.0004871122382610338,-326671.34859899356,0.2089156285282809,-0.33398802409428041061,4
620,"g0",10000,66,6.9257977473424946435e178,6.9257977473424946435e178,1.0749822999131958375,-0.00075867779702548569974,1.0906737301950997,1.0797856499173197924,0.0003672360775379983,-319886.1069832173,0.2176545738107685,0.99960625256591483218,20
640,"y0",10000,59,7.4815040259844364057e185,7.4815040259844364057e185,0.59012285829731828881,0.0016217649439926700676,0.7372086315299384,0.70274437046735077793,0.0009643634721490102,-206736.54551231847,0.3945876320471754,-0.33830143977016109885,5
640,"g0",10000,60,8.3566206024602586978e184,8.3566206024602586978e184,1.0886696119294323203,0.0013546252771620750281,1.089576189993643,1.0763127226779568227,0.0003476252796803791,-409272.26438413584,0.19001131526518114,0.9998692625538979805,20
660,"y0",10000,52,2.6612947740246524226e192,2.6612947740246524226e192,0.56072295335176535924,0.0076484804200021770342,0.6952669062884524,0.6703389608140675973,0.0005613608093701927,-366652.06436089694,0.23753200885455023,-0.33802460596796842418,5
660,"g0",10000,54,2.5593227540291390575e190,2.5593227540291390575e190,1.0877192276874778688,0.0016516798368125547451,1.0882276842131995,1.0755041789362068232,0.00035349892135794875,-397504.7704173905,0.23279599340033116,0.99992213475977056095,20
700,"y0",10000,41,1.0585287168830704808e204,1.0585287168830704808e204,0.60166764905465863793,0.0039249562056610495854,0.7564838745165616,0.71755702454324475419,0.000983941143481104,-339987.8521094223,0.2649629489126276,-0.3361814498400128305,4
700,"g0",10000,43,7.7495870864324806629e201,7.7495870864324806629e201,1.0486810725351598499,-0.0017890087055010933407,1.0860484451353989,1.0485369679561436976,0.0008857470446674823,-180909.96829536094,0.32088426813851517,0.99994510580516443054,20
720,"g0",10000,36,7.5693218221143803179e208,7.5693218221143803179e208,1.0336129988130186732,-0.0061090862625160851458,1.0826443583691467,1.0671062253950160492,0.0008795812176140183,-94212.357027542,0.30867124049188815,0.99994630102531313302,20
740,"g0",10000,30,9.8033087435942773282e214,9.8033087435942773282e214,1.0424805109758322282,0.0022078787450211134091,1.1124471924835242,1.0095644097782151343,0.002255664502483516,-443797.7451755836,0.06461827673570227,0.99996974384087526115,20
760,"g0",10000,25,7.1108363637387568439e219,7.1108363637387568439e219,1.0860376033605576987,-0.00086825644466987398594,1.0987464451946203,1.0824120293613291378,0.00038405525960885786,-430134.36070952937,0.2242367423184773,0.99994988938257203985,20
220,"g0",50000,184,2.1794088308290174199e60,2.1794088308290174199e60,0.96171258161383428777,0.00028368220817614587306,0.9791358031573915,0.93990509023024632439,0.0004365165036801682,-908954.9381268385,0.22535877210900032,0.45878214832535712164,1
240,"g0",50000,178,1.9502106225571139198e66,1.9502106225571139198e66,0.98968056274982934686,-0.00023850119973612907162,1.0039964077486152,1.003115283822330172,0,-218935.9118589243,1.4170590941388739,0.40754493378302167959,1
260,"y0",50000,171,2.6127927896501898913e73,2.6127927896501898913e73,0.52404284439548578153,0.00017526214100906137536,0.693087067862507,0.67753322779966501841,0.0005579685660024314,-214017.00782100993,0.5427675506770924,-0.087451418256841033583,3
280,"g0",50000,167,5.3401290757798246254e77,5.3401290757798246254e77,1.0075589828625441984,0.00027948751661386976329,1.0209202139020281,1.0165839227075759187,0.00014167314435834097,-430240.6287910644,2.5194910467917575,0.60934675676861195973,4
300,"y0",50000,159,4.8522027967075431364e85,4.8522027967075431364e85,0.58753858450272483519,-0.00016984916909706633897,0.672304582898505,0.65476186617676585808,0.00046484629029275304,-585290.5181267014,0.4878934977138095,-0.26752921301652832697,3
320,"g0",50000,155,1.9596405166827013894e89,1.9596405166827013894e89,1.0863129601941835775,-0.0000738954634442656853,1.099357718685964,1.0946094363991330034,0.000047338425403270566,-535785.0546980775,0.4321372141711262,0.87005589336044078587,2
340,"y0",50000,147,2.43023530462065739e97,2.43023530462065739e97,0.57139573730905205287,0.00016313535780898234763,0.7087184241972864,0.68093693950479716067,0.0003569801956526675,-860127.6601245652,0.30870870842483744,-0.32444823074748640741,3
340,"g0",50000,149,5.4656145535155508958e95,5.4656145535155508958e95,1.0776659803175550272,-0.00029760121191675637457,1.0876503832100766,1.0820339283710907288,0.0013526378375219954,-340342.4583747933,0.4301866642953954,0.88600782229158909089,2
360,"y0",50000,142,1.1379309329848881238e103,1.1379309329848881238e103,0.60622351087719462588,-0.000052326477436828930599,0.7088100913679227,0.69554045931760498832,0.0004673688746403837,-358425.9212241697,0.15576890803037555,-0.38185523203208048327,5
360,"g0",50000,143,6.2217616942651495304e101,6.2217616942651495304e101,1.0622946488357771258,0.00036175203357693036218,1.064315095555805,1.0619155284008382376,0,-407754.17331776285,30.513508326568886,0.86717021844206466203,2
380,"y0",50000,136,9.7097219046830251564e108,9.7097219046830251564e108,0.63150106707642387226,0.00026728797319978381573,0.7503630113205872,0.74462848518861604352,0.00014261777379798168,-315677.95455787843,0.4383913297782195,-0.31974126611630449187,1
400,"y0",50000,129,2.5131879099337254117e115,2.5131879099337254117e115,0.59130816566086789122,2.3474000963144673627e-6,0.7080977099249139,0.70440744172718486034,0,-436948.71975842427,5.903748243408271,-0.35310160508280322248,4
440,"y0",50000,118,9.1048462185713087333e126,9.1048462185713087333e126,0.57368016595870870378,-0.000056652961071844243251,0.7611550409346819,0.74870199825531146347,0.00026252286715311435,-660274.8546997668,0.27289660805707977,-0.29199900015051929072,2
460,"y0",50000,112,3.2269032487604448138e132,3.2269032487604448138e132,0.57126591201362209328,-0.00050043055413048187004,0.7001849914668128,0.69411466897726459292,0.00011233253791975706,-402216.8741704969,0.5390635967541949,-0.33781933332584910681,2
480,"g0",50000,107,3.8216647451258340014e137,3.8216647451258340014e137,1.0406260858018183096,0.000020856119886588433075,1.0865418950410466,1.0812149865412914365,0.00015493989094383736,-274324.43788193614,0.23733697779679833,0.99502084165786222514,17
500,"g0",50000,102,7.08030481146474976e142,7.08030481146474976e142,1.0845353283349380315,0.000091923649576435727453,1.1138175797844634,1.1060512373354181011,0.00026038407019860724,-358718.8275403786,0.5587740024583452,0.99756953269020118293,19
520,"g0",50000,96,1.1392690426332763335e149,1.1392690426332763335e149,1.0326193779421921474,0.0000893877549138589672,1.0568415176254993,1.0258340287133844479,0.0003645374262673085,-808213.4988466582,0.27008629441578635,0.99705651646316321036,19
580,"g0",50000,78,8.3694971046527653545e166,8.3694971046527653545e166,1.0825852352174278762,0.000060804960951894724347,1.0839856767560387,1.0710412414511534636,0.0002702397553706687,-544392.9275808207,0.47047383284320865,0.9989277557376977393,20
600,"y0",50000,71,1.0624841350649018815e174,1.0624841350649018815e174,0.60699877266409965338,0.00023605940661069207597,0.7260365150868893,0.70693657157660783303,0.0003512667915059886,-585394.689988707,0.3344724745263134,-0.33398802409428041061,4
620,"g0",50000,66,6.9257977473424946435e178,6.9257977473424946435e178,1.0756949967359618739,-0.000045980974259449373017,1.0892256136251564,1.0864281396396859017,0.0001011784816669554,-285593.77271129005,18.90083354704813,0.99960625256591483218,20
640,"y0",50000,59,7.4815040259844364057e185,7.4815040259844364057e185,0.58860697375435287498,0.00010588040102725624051,0.7361691098776646,0.73411516513598565549,0.00007234235121456045,-150730.3727928541,0.46288854865005585,-0.33830143977016109885,5
640,"g0",50000,60,8.3566206024602586978e184,8.3566206024602586978e184,1.0870444057014756962,-0.00027058095079454913062,1.0883114399736629,1.0742742815919041962,0.00043661566132077256,-317660.66999336606,0.2875158421111138,0.9998692625538979805,20
660,"y0",50000,52,2.6612947740246524226e192,2.6612947740246524226e192,0.55308393487062604445,9.4619388628622470021e-6,0.6963392035104334,0.67603624967214691383,0.0004757691138048692,-458299.73967614403,0.18814729317066617,-0.33802460596796842418,5
660,"g0",50000,54,2.5593227540291390575e190,2.5593227540291390575e190,1.0861777068924337381,0.00011015904176842408511,1.0932187184969089,1.0699812370033321414,0.00029281900381925214,-858779.3050209178,0.2508611828852506,0.99992213475977056095,20
700,"y0",50000,41,1.0585287168830704808e204,1.0585287168830704808e204,0.59807456542524232729,0.00033187257624473894359,0.7551682947669178,0.73362565286113483974,0.0007135141116594301,-208056.19360791327,0.28515337229034565,-0.3361814498400128305,4
700,"g0",50000,43,7.7495870864324806629e201,7.7495870864324806629e201,1.050557490790295531,0.000087409549634587772087,1.0888234514597817,1.0516725319130434443,0.0008582443100065188,-466079.697147339,0.18943480269956986,0.99994510580516443054,20
720,"g0",50000,36,7.5693218221143803179e208,7.5693218221143803179e208,1.0395637139844384694,-0.00015837109109628899389,1.08461063078675,1.0759553324109624977,0.00015810104139814696,-334622.6461136843,0.4617463051327888,0.99994630102531313302,20
740,"g0",50000,30,9.8033087435942773282e214,9.8033087435942773282e214,1.0403490427148652194,0.000076410484054104609032,1.111150919816914,1.0925584761205240273,0.00047788306567222646,-312292.3652787565,0.20546428336418954,0.99996974384087526115,20
760,"g0",50000,25,7.1108363637387568439e219,7.1108363637387568439e219,1.0868232151878756584,-0.00008264461735191435377,1.1009266675945821,1.0870780118635907618,0.00010421982194484542,-823502.7266452729,0.12692868282693745,0.99994988938257203985,20
220,"g0",100000,184,2.1794088308290174199e60,2.1794088308290174199e60,0.96142889940565814189,0.e-41,0.9789605640073349,0.93983996916837107433,0.0004423994375372115,-894903.6640796321,0.22780684964937536,0.45878214832535712164,1
240,"g0",100000,178,1.9502106225571139198e66,1.9502106225571139198e66,0.98991906394956547593,0.e-41,1.0039717577856724,1.0028749219275094094,0,-229007.3125958067,2.121041811503617,0.40754493378302167959,1
260,"y0",100000,171,2.6127927896501898913e73,2.6127927896501898913e73,0.52386758225447672015,0.e-40,0.6929642705363221,0.67770651554844400517,0.0005495341879837579,-200001.83775239703,0.5767940305874023,-0.087451418256841033583,3
280,"g0",100000,167,5.3401290757798246254e77,5.3401290757798246254e77,1.0072794953459303286,0.e-40,1.021029199627956,1.0164176021519893631,0.00014193153677153296,-444160.8290562963,2.610753399829723,0.60934675676861195973,4
300,"y0",100000,159,4.8522027967075431364e85,4.8522027967075431364e85,0.58770843367182190153,0.e-40,0.6723457145271823,0.65471630332736810416,0.0004675924185031377,-600287.9930454385,0.4862491012771142,-0.26752921301652832697,3
320,"g0",100000,155,1.9596405166827013894e89,1.9596405166827013894e89,1.0863868556576278432,0.e-41,1.0993387957650462,1.0508559870010217939,0.000830380276850241,-531419.4617510241,0.08164753784114466,0.87005589336044078587,2
340,"y0",100000,147,2.43023530462065739e97,2.43023530462065739e97,0.57123260195124307053,0.e-41,0.7086907508783042,0.68103924762619114057,0.0003591151344664034,-856594.7451936061,0.3072628406420479,-0.32444823074748640741,3
340,"g0",100000,149,5.4656145535155508958e95,5.4656145535155508958e95,1.0779635815294717836,0.e-40,1.0876582594519266,1.0822413725479672216,0.0013645855946482893,-340466.13807661604,0.42583587585163957,0.88600782229158909089,2
360,"y0",100000,142,1.1379309329848881238e103,1.1379309329848881238e103,0.60627583735463145481,0.e-40,0.7089677341282368,0.69525957005376480051,0.0004363401361429098,-370754.7752990002,0.1538554303398514,-0.38185523203208048327,5
360,"g0",100000,143,6.2217616942651495304e101,6.2217616942651495304e101,1.0619328968022001954,0.e-40,1.06433144474332,1.0619867264823489666,0,-395512.16868188576,64.67958124964223,0.86717021844206466203,2
380,"y0",100000,136,9.7097219046830251564e108,9.7097219046830251564e108,0.63123377910322408844,0.e-40,0.7501797425211407,0.74474544099501158109,0.00014577828855766306,-296487.6102294893,0.19924670582333265,-0.31974126611630449187,1
400,"y0",100000,129,2.5131879099337254117e115,2.5131879099337254117e115,0.59130581826077157675,0.e-40,0.708052207599394,0.70445056201647334591,0,-430700.09152485256,5.796933386939738,-0.35310160508280322248,4
440,"y0",100000,118,9.1048462185713087333e126,9.1048462185713087333e126,0.57373681891978054802,0.e-40,0.7610118192387745,0.74858190049909204762,0.0002738943176885389,-641471.0858657028,0.2832115058372647,-0.29199900015051929072,2
460,"y0",100000,112,3.2269032487604448138e132,3.2269032487604448138e132,0.57176634256775257515,0.e-40,0.7000638433964923,0.69425573740583130116,0.00011174501715105478,-388030.17422001326,0.5416098946939917,-0.33781933332584910681,2
480,"g0",100000,107,3.8216647451258340014e137,3.8216647451258340014e137,1.0406052296819317211,0.e-40,1.0865345615938014,1.0810060957568983379,0.00024559782091095506,-274555.5795165468,0.24885008849566936,0.99502084165786222514,17
500,"g0",100000,102,7.08030481146474976e142,7.08030481146474976e142,1.0844434046853615958,0.e-40,1.1123756713617277,1.1061741775980406137,0.00015909693326639576,-153111.01282353434,1.2775084856980485,0.99756953269020118293,19
520,"g0",100000,96,1.1392690426332763335e149,1.1392690426332763335e149,1.0325299901872782884,0.e-40,1.0567392558732296,1.0256652592537338462,0.00037195181998215816,-792930.0800251851,0.27623750412468395,0.99705651646316321036,19
580,"g0",100000,78,8.3694971046527653545e166,8.3694971046527653545e166,1.0825244302564759815,0.e-40,1.0841122824655522,1.0710006462503156418,0.0005622195311809458,-563537.4299200602,0.46692515328953066,0.9989277557376977393,20
600,"y0",100000,71,1.0624841350649018815e174,1.0624841350649018815e174,0.60676271325748896131,0.e-40,0.7260679352330044,0.70725592157480028445,0.0003437909909478343,-592309.8272038465,0.32558255691411075,-0.33398802409428041061,4
620,"g0",100000,66,6.9257977473424946435e178,6.9257977473424946435e178,1.0757409777102213232,0.e-40,1.0893556284955397,1.0866075643290434217,0.0000998498153181441,-291910.7713676697,20.240407619664943,0.99960625256591483218,20
640,"y0",100000,59,7.4815040259844364057e185,7.4815040259844364057e185,0.58850109335332561874,0.e-40,0.7362389969930518,0.73419898853394250244,0.00022075209696126308,-155016.68288359686,0.44553238781244175,-0.33830143977016109885,5
640,"g0",100000,60,8.3566206024602586978e184,8.3566206024602586978e184,1.0873149866522702453,0.e-40,1.0883901714626139,1.0742390833388452629,0.000434070928338796,-325392.12434948736,0.2814017384503193,0.9998692625538979805,20
660,"y0",100000,52,2.6612947740246524226e192,2.6612947740246524226e192,0.5530744729317631822,0.e-40,0.6964635432232171,0.67605867039921165914,0.0004721590071676829,-473496.3436486246,0.183097552271441,-0.33802460596796842418,5
660,"g0",100000,54,2.5593227540291390575e190,2.5593227540291390575e190,1.086067547850665314,0.e-40,1.093113654748972,1.0699834336135836951,0.0002954403101483238,-844935.9413866615,0.25338324284691544,0.99992213475977056095,20
700,"y0",100000,41,1.0585287168830704808e204,1.0585287168830704808e204,0.59774269284899758835,0.e-40,0.7552664622780867,0.733536664649321187,0.0007155227798809616,-225598.46895152944,0.2646631859588802,-0.3361814498400128305,4
700,"g0",100000,43,7.7495870864324806629e201,7.7495870864324806629e201,1.0504700812406609432,0.e-40,1.0887938484994206,1.0516446577887048061,0.0008577163274934953,-454373.80941531254,0.19289047533273782,0.99994510580516443054,20
720,"g0",100000,36,7.5693218221143803179e208,7.5693218221143803179e208,1.0397220850755347584,0.e-36,1.0846314415737626,1.0758508520834692201,0.00015156510370837955,-343848.2700457637,0.4615499247958982,0.99994630102531313302,20
740,"g0",100000,30,9.8033087435942773282e214,9.8033087435942773282e214,1.0402726322308111148,0.e-30,1.1111476094588082,1.0925912173360904712,0.00047671221262175767,-314614.45556139934,0.20522278975120617,0.99996974384087526115,20
760,"g0",100000,25,7.1108363637387568439e219,7.1108363637387568439e219,1.0869058598052275727,0.e-25,1.1008452506114912,1.0869378079884725196,0.00010959559528544115,-807320.4234238849,0.13099811725704494,0.99994988938257203985,20
